<?xml version="1.0" encoding="utf-8" ?>
<dwsync>
<file name="reg-clientes.php" server="C:/wamp/www/scm/" local="130170991015075504" remote="130170991010000000" Dst="0" />
<file name="menu.php" server="C:/wamp/www/scm/" local="130183103972928796" remote="130183103970000000" Dst="0" />
<file name="del-cliente.php" server="C:/wamp/www/scm/" local="130170890000326730" remote="130170890000000000" Dst="0" />
<file name="reg-proveedores.php" server="C:/wamp/www/scm/" local="130171305767636822" remote="130171305760000000" Dst="0" />
<file name="del-proveedor.php" server="C:/wamp/www/scm/" local="130170985475320865" remote="130170985470000000" Dst="0" />
<file name="reg-materiales.php" server="C:/wamp/www/scm/" local="130171010856452628" remote="130171010850000000" Dst="0" />
<file name="del-material.php" server="C:/wamp/www/scm/" local="130171011765541049" remote="130171011760000000" Dst="0" />
<file name="reg-entradas.php" server="C:/wamp/www/scm/" local="130171064292051475" remote="130171064290000000" Dst="0" />
<file name="reg-detalle-entrada.php" server="C:/wamp/www/scm/" local="130171231477745725" remote="130171231470000000" Dst="0" />
<file name="del-entrada-material.php" server="C:/wamp/www/scm/" local="130176200458645900" remote="130176200450000000" Dst="0" />
<file name="rep-materiales.php" server="C:/wamp/www/scm/" local="130171274494263524" remote="130171274490000000" Dst="0" />
<file name="rep-proveedores.php" server="C:/wamp/www/scm/" local="130171275150035214" remote="130171275150000000" Dst="0" />
<file name="rep-entradas.php" server="C:/wamp/www/scm/" local="130176338457793643" remote="130176338450000000" Dst="0" />
<file name="det-entrada.php" server="C:/wamp/www/scm/" local="130171275154231519" remote="130171275150000000" Dst="0" />
<file name="index.php" server="C:/wamp/www/scm/" local="130171326250350902" remote="130171326250000000" Dst="0" />
<file name="index-error.php" server="C:/wamp/www/scm/" local="130171302241757192" remote="130171302240000000" Dst="0" />
<file name="bienvenida.php" server="C:/wamp/www/scm/" local="130176142459569504" remote="130176142450000000" Dst="0" />
<file name="cerrar-sesion.php" server="C:/wamp/www/scm/" local="130176139623614428" remote="130176139620000000" Dst="0" />
<file name="reg-salida.php" server="C:/wamp/www/scm/" local="130176201575207916" remote="130176201570000000" Dst="0" />
<file name="reg-detalle-salida.php" server="C:/wamp/www/scm/" local="130176194840840896" remote="130176194840000000" Dst="0" />
<file name="del-salida-material.php" server="C:/wamp/www/scm/" local="130176200305890701" remote="130176200300000000" Dst="0" />
<file name="rep-salidas.php" server="C:/wamp/www/scm/" local="130176344947975525" remote="130176344940000000" Dst="0" />
<file name="det-salidas.php" server="C:/wamp/www/scm/" local="130176241964403929" remote="130176241960000000" Dst="0" />
<file name="mision.php" server="C:/wamp/www/scm/" local="130183095426752995" remote="130183095420000000" Dst="0" />
<file name="vision.php" server="C:/wamp/www/scm/" local="130183096013971210" remote="130183096010000000" Dst="0" />
<file name="organigrama.php" server="C:/wamp/www/scm/" local="130183098661560525" remote="130183098660000000" Dst="0" />
<file name="alcance.php" server="C:/wamp/www/scm/" local="130183103764276361" remote="130183103760000000" Dst="0" />
<file name="valores.php" server="C:/wamp/www/scm/" local="130176249572210570" remote="130176249570000000" Dst="0" />
<file name="contactos.php" server="C:/wamp/www/scm/" local="130176256609891538" remote="130176256600000000" Dst="0" />
<file name="reg-usuarios.php" server="C:/wamp/www/scm/" local="130176293055499710" remote="130176293050000000" Dst="0" />
<file name="mod-usuarios.php" server="C:/wamp/www/scm/" local="130176311005142001" remote="130176311000000000" Dst="0" />
<file name="del-entrada.php" server="C:/wamp/www/scm/" local="130176331808806542" remote="130176331800000000" Dst="0" />
<file name="del-salida.php" server="C:/wamp/www/scm/" local="130176384100806859" remote="130176384100000000" Dst="0" />
<file name="kardex.php" server="C:/wamp/www/scm/" local="130183089352300474" remote="130183089350000000" Dst="0" />
</dwsync>