<?xml version="1.0" encoding="utf-8" ?>
<dwsync>
<file name="cabecera.png" server="C:/wamp/www/scm/" local="130171274371194261" remote="130171274370000000" Dst="0" />
<file name="editar.png" server="C:/wamp/www/scm/" local="130170884762817470" remote="130170884760000000" Dst="0" />
<file name="eliminar.png" server="C:/wamp/www/scm/" local="130170885610455782" remote="130170885610000000" Dst="0" />
<file name="btncalendar.png" server="C:/wamp/www/scm/" local="128100314560000000" remote="128100314560000000" Dst="0" />
<file name="right1.gif" server="C:/wamp/www/scm/" local="127907284340000000" remote="127907284340000000" Dst="0" />
<file name="impresora.png" server="C:/wamp/www/scm/" local="130171240207275877" remote="130171240200000000" Dst="0" />
<file name="Chrome_and_Firefox.jpg" server="C:/wamp/www/scm/" local="130171293991377875" remote="130171293990000000" Dst="0" />
<file name="almacen.png" server="C:/wamp/www/scm/" local="130171264832572553" remote="130171264830000000" Dst="0" />
<file name="contacto.jpg" server="C:/wamp/www/scm/" local="130176253489072790" remote="130176253480000000" Dst="0" />
</dwsync>